{
  "input_csv": "/home/sujayb/Desktop/Sem 6/Data_Systems/Project/RookDB/Benchmarking/data/synthetic_orders.csv",
  "total_rows": 50000,
  "primary_key_unique_count": 50000,
  "algorithms": [
    {
      "algorithm": "Static Hash",
      "insert_latency": {
        "min_us": 0.06,
        "max_us": 92.985,
        "avg_us": 0.8325791799999936,
        "p50_us": 0.751,
        "p95_us": 1.722,
        "p99_us": 3.425
      },
      "search_latency": {
        "min_us": 0.049999999999999996,
        "max_us": 71.655,
        "avg_us": 0.7143403799999944,
        "p50_us": 0.621,
        "p95_us": 1.4020000000000001,
        "p99_us": 1.8619999999999999
      },
      "total_keys": 50000,
      "missing_keys": 0,
      "duplicate_hits": 0,
      "wrong_record_ids": 0,
      "unexpected_keys": 0,
      "all_entries_mismatches": 0,
      "range_scan_mismatches": 0,
      "miss_checks_total": 1000,
      "miss_checks_failed": 0,
      "structure_valid": true,
      "all_entries_ok": true,
      "range_scan_ok": true,
      "miss_checks_ok": true,
      "correctness_ok": true
    },
    {
      "algorithm": "Chained Hash",
      "insert_latency": {
        "min_us": 0.07,
        "max_us": 122.54,
        "avg_us": 0.42506384000001957,
        "p50_us": 0.32099999999999995,
        "p95_us": 0.981,
        "p99_us": 1.292
      },
      "search_latency": {
        "min_us": 0.049999999999999996,
        "max_us": 90.272,
        "avg_us": 0.312896279999994,
        "p50_us": 0.29,
        "p95_us": 0.541,
        "p99_us": 0.681
      },
      "total_keys": 50000,
      "missing_keys": 0,
      "duplicate_hits": 0,
      "wrong_record_ids": 0,
      "unexpected_keys": 0,
      "all_entries_mismatches": 0,
      "range_scan_mismatches": 0,
      "miss_checks_total": 1000,
      "miss_checks_failed": 0,
      "structure_valid": true,
      "all_entries_ok": true,
      "range_scan_ok": true,
      "miss_checks_ok": true,
      "correctness_ok": true
    },
    {
      "algorithm": "Extendible Hash",
      "insert_latency": {
        "min_us": 0.06,
        "max_us": 994.4839999999999,
        "avg_us": 26.878968740000012,
        "p50_us": 0.501,
        "p95_us": 134.728,
        "p99_us": 206.37199999999999
      },
      "search_latency": {
        "min_us": 0.049999999999999996,
        "max_us": 14.991999999999999,
        "avg_us": 0.3623892000000392,
        "p50_us": 0.32,
        "p95_us": 0.721,
        "p99_us": 0.9909999999999999
      },
      "total_keys": 50000,
      "missing_keys": 0,
      "duplicate_hits": 0,
      "wrong_record_ids": 0,
      "unexpected_keys": 0,
      "all_entries_mismatches": 0,
      "range_scan_mismatches": 0,
      "miss_checks_total": 1000,
      "miss_checks_failed": 0,
      "structure_valid": true,
      "all_entries_ok": true,
      "range_scan_ok": true,
      "miss_checks_ok": true,
      "correctness_ok": true
    },
    {
      "algorithm": "Linear Hash",
      "insert_latency": {
        "min_us": 0.14,
        "max_us": 583.9359999999999,
        "avg_us": 31.624053300000114,
        "p50_us": 31.176000000000002,
        "p95_us": 62.783,
        "p99_us": 74.861
      },
      "search_latency": {
        "min_us": 0.06,
        "max_us": 6.049,
        "avg_us": 0.10953806000000268,
        "p50_us": 0.101,
        "p95_us": 0.16999999999999998,
        "p99_us": 0.201
      },
      "total_keys": 50000,
      "missing_keys": 0,
      "duplicate_hits": 0,
      "wrong_record_ids": 0,
      "unexpected_keys": 0,
      "all_entries_mismatches": 0,
      "range_scan_mismatches": 0,
      "miss_checks_total": 1000,
      "miss_checks_failed": 0,
      "structure_valid": true,
      "all_entries_ok": true,
      "range_scan_ok": true,
      "miss_checks_ok": true,
      "correctness_ok": true
    },
    {
      "algorithm": "B-Tree",
      "insert_latency": {
        "min_us": 0.049999999999999996,
        "max_us": 37.475,
        "avg_us": 0.14135093999998827,
        "p50_us": 0.07,
        "p95_us": 0.16,
        "p99_us": 0.461
      },
      "search_latency": {
        "min_us": 0.04,
        "max_us": 6.2589999999999995,
        "avg_us": 0.07105605999998965,
        "p50_us": 0.07,
        "p95_us": 0.081,
        "p99_us": 0.15
      },
      "total_keys": 50000,
      "missing_keys": 0,
      "duplicate_hits": 0,
      "wrong_record_ids": 0,
      "unexpected_keys": 0,
      "all_entries_mismatches": 0,
      "range_scan_mismatches": 0,
      "miss_checks_total": 1000,
      "miss_checks_failed": 0,
      "structure_valid": true,
      "all_entries_ok": true,
      "range_scan_ok": true,
      "miss_checks_ok": true,
      "correctness_ok": true
    },
    {
      "algorithm": "B+ Tree",
      "insert_latency": {
        "min_us": 0.049999999999999996,
        "max_us": 17.756,
        "avg_us": 0.1429984799999909,
        "p50_us": 0.081,
        "p95_us": 0.351,
        "p99_us": 0.681
      },
      "search_latency": {
        "min_us": 0.07,
        "max_us": 7.271,
        "avg_us": 0.0882735000000191,
        "p50_us": 0.081,
        "p95_us": 0.11,
        "p99_us": 0.16999999999999998
      },
      "total_keys": 50000,
      "missing_keys": 0,
      "duplicate_hits": 0,
      "wrong_record_ids": 0,
      "unexpected_keys": 0,
      "all_entries_mismatches": 0,
      "range_scan_mismatches": 0,
      "miss_checks_total": 1000,
      "miss_checks_failed": 0,
      "structure_valid": true,
      "all_entries_ok": true,
      "range_scan_ok": true,
      "miss_checks_ok": true,
      "correctness_ok": true
    },
    {
      "algorithm": "Radix Tree",
      "insert_latency": {
        "min_us": 0.08,
        "max_us": 15.664000000000001,
        "avg_us": 0.1872078799999836,
        "p50_us": 0.14,
        "p95_us": 0.391,
        "p99_us": 0.651
      },
      "search_latency": {
        "min_us": 0.04,
        "max_us": 5.638,
        "avg_us": 0.07937063999998364,
        "p50_us": 0.07,
        "p95_us": 0.16,
        "p99_us": 0.27099999999999996
      },
      "total_keys": 50000,
      "missing_keys": 0,
      "duplicate_hits": 0,
      "wrong_record_ids": 0,
      "unexpected_keys": 0,
      "all_entries_mismatches": 0,
      "range_scan_mismatches": 0,
      "miss_checks_total": 1000,
      "miss_checks_failed": 0,
      "structure_valid": true,
      "all_entries_ok": true,
      "range_scan_ok": true,
      "miss_checks_ok": true,
      "correctness_ok": true
    },
    {
      "algorithm": "Skip List",
      "insert_latency": {
        "min_us": 0.07,
        "max_us": 11.226999999999999,
        "avg_us": 0.16515193999997765,
        "p50_us": 0.13,
        "p95_us": 0.36,
        "p99_us": 0.6010000000000001
      },
      "search_latency": {
        "min_us": 0.04,
        "max_us": 6.85,
        "avg_us": 0.0916087799999888,
        "p50_us": 0.071,
        "p95_us": 0.19,
        "p99_us": 0.41100000000000003
      },
      "total_keys": 50000,
      "missing_keys": 0,
      "duplicate_hits": 0,
      "wrong_record_ids": 0,
      "unexpected_keys": 0,
      "all_entries_mismatches": 0,
      "range_scan_mismatches": 0,
      "miss_checks_total": 1000,
      "miss_checks_failed": 0,
      "structure_valid": true,
      "all_entries_ok": true,
      "range_scan_ok": true,
      "miss_checks_ok": true,
      "correctness_ok": true
    },
    {
      "algorithm": "LSM Tree",
      "insert_latency": {
        "min_us": 0.06,
        "max_us": 5722.312,
        "avg_us": 0.5126708599999823,
        "p50_us": 0.111,
        "p95_us": 0.32099999999999995,
        "p99_us": 0.561
      },
      "search_latency": {
        "min_us": 0.03,
        "max_us": 8.372,
        "avg_us": 0.19922876000000278,
        "p50_us": 0.16999999999999998,
        "p95_us": 0.401,
        "p99_us": 0.711
      },
      "total_keys": 50000,
      "missing_keys": 0,
      "duplicate_hits": 0,
      "wrong_record_ids": 0,
      "unexpected_keys": 0,
      "all_entries_mismatches": 0,