{
  "input_csv": "/home/sujayb/Desktop/Sem 6/Data_Systems/Project/RookDB/Benchmarking/data/synthetic_orders_10000.csv",
  "total_rows": 10000,
  "primary_key_unique_count": 10000,
  "algorithms": [
    {
      "algorithm": "Static Hash",
      "insert_latency": {
        "min_us": 0.049999999999999996,
        "max_us": 11.628,
        "avg_us": 0.22679349999999684,
        "p50_us": 0.171,
        "p95_us": 0.32,
        "p99_us": 2.2230000000000003
      },
      "search_latency": {
        "min_us": 0.049999999999999996,
        "max_us": 6.55,
        "avg_us": 0.14963329999999744,
        "p50_us": 0.14,
        "p95_us": 0.251,
        "p99_us": 0.28099999999999997
      },
      "total_keys": 10000,
      "missing_keys": 0,
      "duplicate_hits": 0,
      "wrong_record_ids": 0,
      "unexpected_keys": 0,
      "all_entries_mismatches": 0,
      "range_scan_mismatches": 0,
      "miss_checks_total": 1000,
      "miss_checks_failed": 0,
      "structure_valid": true,
      "all_entries_ok": true,
      "range_scan_ok": true,
      "miss_checks_ok": true,
      "correctness_ok": true
    },
    {
      "algorithm": "Chained Hash",
      "insert_latency": {
        "min_us": 0.049999999999999996,
        "max_us": 18.447000000000003,
        "avg_us": 0.13923519999999903,
        "p50_us": 0.11,
        "p95_us": 0.22,
        "p99_us": 0.381
      },
      "search_latency": {
        "min_us": 0.049999999999999996,
        "max_us": 8.432,
        "avg_us": 0.11014059999999977,
        "p50_us": 0.09999999999999999,
        "p95_us": 0.16,
        "p99_us": 0.23099999999999998
      },
      "total_keys": 10000,
      "missing_keys": 0,
      "duplicate_hits": 0,
      "wrong_record_ids": 0,
      "unexpected_keys": 0,
      "all_entries_mismatches": 0,
      "range_scan_mismatches": 0,
      "miss_checks_total": 1000,
      "miss_checks_failed": 0,
      "structure_valid": true,
      "all_entries_ok": true,
      "range_scan_ok": true,
      "miss_checks_ok": true,
      "correctness_ok": true
    },
    {
      "algorithm": "Extendible Hash",
      "insert_latency": {
        "min_us": 0.06,
        "max_us": 491.531,
        "avg_us": 5.2144744,
        "p50_us": 0.301,
        "p95_us": 20.811,
        "p99_us": 35.112
      },
      "search_latency": {
        "min_us": 0.049999999999999996,
        "max_us": 9.834999999999999,
        "avg_us": 0.13493409999999473,
        "p50_us": 0.091,
        "p95_us": 0.28,
        "p99_us": 0.48
      },
      "total_keys": 10000,
      "missing_keys": 0,
      "duplicate_hits": 0,
      "wrong_record_ids": 0,
      "unexpected_keys": 0,
      "all_entries_mismatches": 0,
      "range_scan_mismatches": 0,
      "miss_checks_total": 1000,
      "miss_checks_failed": 0,
      "structure_valid": true,
      "all_entries_ok": true,
      "range_scan_ok": true,
      "miss_checks_ok": true,
      "correctness_ok": true
    },
    {
      "algorithm": "Linear Hash",
      "insert_latency": {
        "min_us": 0.08,
        "max_us": 108.381,
        "avg_us": 5.214895700000005,
        "p50_us": 4.717,
        "p95_us": 10.966,
        "p99_us": 14.392000000000001
      },
      "search_latency": {
        "min_us": 0.049999999999999996,
        "max_us": 4.797,
        "avg_us": 0.10801110000000647,
        "p50_us": 0.101,
        "p95_us": 0.15,
        "p99_us": 0.19
      },
      "total_keys": 10000,
      "missing_keys": 0,
      "duplicate_hits": 0,
      "wrong_record_ids": 0,
      "unexpected_keys": 0,
      "all_entries_mismatches": 0,
      "range_scan_mismatches": 0,
      "miss_checks_total": 1000,
      "miss_checks_failed": 0,
      "structure_valid": true,
      "all_entries_ok": true,
      "range_scan_ok": true,
      "miss_checks_ok": true,
      "correctness_ok": true
    },
    {
      "algorithm": "B-Tree",
      "insert_latency": {
        "min_us": 0.04,
        "max_us": 29.023,
        "avg_us": 0.14986320000000075,
        "p50_us": 0.071,
        "p95_us": 0.12,
        "p99_us": 0.34099999999999997
      },
      "search_latency": {
        "min_us": 0.049999999999999996,
        "max_us": 5.4079999999999995,
        "avg_us": 0.07579320000000281,
        "p50_us": 0.07,
        "p95_us": 0.11,
        "p99_us": 0.16999999999999998
      },
      "total_keys": 10000,
      "missing_keys": 0,
      "duplicate_hits": 0,
      "wrong_record_ids": 0,
      "unexpected_keys": 0,
      "all_entries_mismatches": 0,
      "range_scan_mismatches": 0,
      "miss_checks_total": 1000,
      "miss_checks_failed": 0,
      "structure_valid": true,
      "all_entries_ok": true,
      "range_scan_ok": true,
      "miss_checks_ok": true,
      "correctness_ok": true
    },
    {
      "algorithm": "B+ Tree",
      "insert_latency": {
        "min_us": 0.04,
        "max_us": 14.852,
        "avg_us": 0.09525030000000084,
        "p50_us": 0.07,
        "p95_us": 0.13,
        "p99_us": 0.35
      },
      "search_latency": {
        "min_us": 0.06,
        "max_us": 0.9309999999999999,
        "avg_us": 0.08524710000000357,
        "p50_us": 0.08,
        "p95_us": 0.101,
        "p99_us": 0.19999999999999998
      },
      "total_keys": 10000,
      "missing_keys": 0,
      "duplicate_hits": 0,
      "wrong_record_ids": 0,
      "unexpected_keys": 0,
      "all_entries_mismatches": 0,
      "range_scan_mismatches": 0,
      "miss_checks_total": 1000,
      "miss_checks_failed": 0,
      "structure_valid": true,
      "all_entries_ok": true,
      "range_scan_ok": true,
      "miss_checks_ok": true,
      "correctness_ok": true
    },
    {
      "algorithm": "Radix Tree",
      "insert_latency": {
        "min_us": 0.08,
        "max_us": 16.144,
        "avg_us": 0.17921020000000215,
        "p50_us": 0.14,
        "p95_us": 0.21,
        "p99_us": 1.753
      },
      "search_latency": {
        "min_us": 0.04,
        "max_us": 5.7490000000000006,
        "avg_us": 0.07263360000000267,
        "p50_us": 0.07,
        "p95_us": 0.11,
        "p99_us": 0.21
      },
      "total_keys": 10000,
      "missing_keys": 0,
      "duplicate_hits": 0,
      "wrong_record_ids": 0,
      "unexpected_keys": 0,
      "all_entries_mismatches": 0,
      "range_scan_mismatches": 0,
      "miss_checks_total": 1000,
      "miss_checks_failed": 0,
      "structure_valid": true,
      "all_entries_ok": true,
      "range_scan_ok": true,
      "miss_checks_ok": true,
      "correctness_ok": true
    },
    {
      "algorithm": "Skip List",
      "insert_latency": {
        "min_us": 0.06,
        "max_us": 8.232,
        "avg_us": 0.11599370000000604,
        "p50_us": 0.11,
        "p95_us": 0.15,
        "p99_us": 0.201
      },
      "search_latency": {
        "min_us": 0.04,
        "max_us": 4.346,
        "avg_us": 0.10469250000000242,
        "p50_us": 0.11,
        "p95_us": 0.14,
        "p99_us": 0.16
      },
      "total_keys": 10000,
      "missing_keys": 0,
      "duplicate_hits": 0,
      "wrong_record_ids": 0,
      "unexpected_keys": 0,
      "all_entries_mismatches": 0,
      "range_scan_mismatches": 0,
      "miss_checks_total": 1000,
      "miss_checks_failed": 0,
      "structure_valid": true,
      "all_entries_ok": true,
      "range_scan_ok": true,
      "miss_checks_ok": true,
      "correctness_ok": true
    },
    {
      "algorithm": "LSM Tree",
      "insert_latency": {
        "min_us": 0.06,
        "max_us": 1561.404,
        "avg_us": 0.2853866000000052,
        "p50_us": 0.09999999999999999,
        "p95_us": 0.27,
        "p99_us": 0.551
      },
      "search_latency": {
        "min_us": 0.04,
        "max_us": 18.397,
        "avg_us": 0.09939359999999878,
        "p50_us": 0.09,
        "p95_us": 0.16999999999999998,
        "p99_us": 0.27099999999999996
      },
      "total_keys": 10000,
      "missing_keys": 0,
      "duplicate_hits": 0,
      "wrong_record_ids": 0,
      "unexpected_keys": 0,
      "all_entries_mismatches": 0,
      "range_scan_mismatches": 0,