{
  "input_csv": "/home/sujayb/Desktop/Sem 6/Data_Systems/Project/RookDB/Benchmarking/data/synthetic_orders_30000.csv",
  "total_rows": 30000,
  "primary_key_unique_count": 30000,
  "algorithms": [
    {
      "algorithm": "Static Hash",
      "insert_latency": {
        "min_us": 0.06,
        "max_us": 38.349000000000004,
        "avg_us": 0.5272102999999935,
        "p50_us": 0.44999999999999996,
        "p95_us": 0.981,
        "p99_us": 2.854
      },
      "search_latency": {
        "min_us": 0.049999999999999996,
        "max_us": 41.934000000000005,
        "avg_us": 0.3805831333333047,
        "p50_us": 0.36100000000000004,
        "p95_us": 0.711,
        "p99_us": 0.812
      },
      "total_keys": 30000,
      "missing_keys": 0,
      "duplicate_hits": 0,
      "wrong_record_ids": 0,
      "unexpected_keys": 0,
      "all_entries_mismatches": 0,
      "range_scan_mismatches": 0,
      "miss_checks_total": 1000,
      "miss_checks_failed": 0,
      "structure_valid": true,
      "all_entries_ok": true,
      "range_scan_ok": true,
      "miss_checks_ok": true,
      "correctness_ok": true
    },
    {
      "algorithm": "Chained Hash",
      "insert_latency": {
        "min_us": 0.049999999999999996,
        "max_us": 35.915,
        "avg_us": 0.2598517000000081,
        "p50_us": 0.221,
        "p95_us": 0.49100000000000005,
        "p99_us": 0.6910000000000001
      },
      "search_latency": {
        "min_us": 0.049999999999999996,
        "max_us": 37.517,
        "avg_us": 0.20651803333336383,
        "p50_us": 0.191,
        "p95_us": 0.35,
        "p99_us": 0.391
      },
      "total_keys": 30000,
      "missing_keys": 0,
      "duplicate_hits": 0,
      "wrong_record_ids": 0,
      "unexpected_keys": 0,
      "all_entries_mismatches": 0,
      "range_scan_mismatches": 0,
      "miss_checks_total": 1000,
      "miss_checks_failed": 0,
      "structure_valid": true,
      "all_entries_ok": true,
      "range_scan_ok": true,
      "miss_checks_ok": true,
      "correctness_ok": true
    },
    {
      "algorithm": "Extendible Hash",
      "insert_latency": {
        "min_us": 0.06,
        "max_us": 1314.069,
        "avg_us": 15.640270999999974,
        "p50_us": 0.41,
        "p95_us": 69.18599999999999,
        "p99_us": 132.653
      },
      "search_latency": {
        "min_us": 0.049999999999999996,
        "max_us": 8.102,
        "avg_us": 0.13799739999999444,
        "p50_us": 0.09999999999999999,
        "p95_us": 0.261,
        "p99_us": 0.42100000000000004
      },
      "total_keys": 30000,
      "missing_keys": 0,
      "duplicate_hits": 0,
      "wrong_record_ids": 0,
      "unexpected_keys": 0,
      "all_entries_mismatches": 0,
      "range_scan_mismatches": 0,
      "miss_checks_total": 1000,
      "miss_checks_failed": 0,
      "structure_valid": true,
      "all_entries_ok": true,
      "range_scan_ok": true,
      "miss_checks_ok": true,
      "correctness_ok": true
    },
    {
      "algorithm": "Linear Hash",
      "insert_latency": {
        "min_us": 0.09999999999999999,
        "max_us": 85.86099999999999,
        "avg_us": 18.69322529999999,
        "p50_us": 19.21,
        "p95_us": 36.396,
        "p99_us": 44.669000000000004
      },
      "search_latency": {
        "min_us": 0.06,
        "max_us": 9.955,
        "avg_us": 0.14392299999997926,
        "p50_us": 0.11,
        "p95_us": 0.31,
        "p99_us": 0.5910000000000001
      },
      "total_keys": 30000,
      "missing_keys": 0,
      "duplicate_hits": 0,
      "wrong_record_ids": 0,
      "unexpected_keys": 0,
      "all_entries_mismatches": 0,
      "range_scan_mismatches": 0,
      "miss_checks_total": 1000,
      "miss_checks_failed": 0,
      "structure_valid": true,
      "all_entries_ok": true,
      "range_scan_ok": true,
      "miss_checks_ok": true,
      "correctness_ok": true
    },
    {
      "algorithm": "B-Tree",
      "insert_latency": {
        "min_us": 0.04,
        "max_us": 20.692,
        "avg_us": 0.13353716666664892,
        "p50_us": 0.07,
        "p95_us": 0.14,
        "p99_us": 0.39999999999999997
      },
      "search_latency": {
        "min_us": 0.04,
        "max_us": 9.805,
        "avg_us": 0.08227406666664827,
        "p50_us": 0.07,
        "p95_us": 0.11,
        "p99_us": 0.351
      },
      "total_keys": 30000,
      "missing_keys": 0,
      "duplicate_hits": 0,
      "wrong_record_ids": 0,
      "unexpected_keys": 0,
      "all_entries_mismatches": 0,
      "range_scan_mismatches": 0,
      "miss_checks_total": 1000,
      "miss_checks_failed": 0,
      "structure_valid": true,
      "all_entries_ok": true,
      "range_scan_ok": true,
      "miss_checks_ok": true,
      "correctness_ok": true
    },
    {
      "algorithm": "B+ Tree",
      "insert_latency": {
        "min_us": 0.04,
        "max_us": 16.015,
        "avg_us": 0.08841559999997917,
        "p50_us": 0.08,
        "p95_us": 0.09999999999999999,
        "p99_us": 0.23099999999999998
      },
      "search_latency": {
        "min_us": 0.07,
        "max_us": 9.745000000000001,
        "avg_us": 0.09524759999997376,
        "p50_us": 0.08,
        "p95_us": 0.14100000000000001,
        "p99_us": 0.32
      },
      "total_keys": 30000,
      "missing_keys": 0,
      "duplicate_hits": 0,
      "wrong_record_ids": 0,
      "unexpected_keys": 0,
      "all_entries_mismatches": 0,
      "range_scan_mismatches": 0,
      "miss_checks_total": 1000,
      "miss_checks_failed": 0,
      "structure_valid": true,
      "all_entries_ok": true,
      "range_scan_ok": true,
      "miss_checks_ok": true,
      "correctness_ok": true
    },
    {
      "algorithm": "Radix Tree",
      "insert_latency": {
        "min_us": 0.08,
        "max_us": 18.839,
        "avg_us": 0.18241856666667738,
        "p50_us": 0.14,
        "p95_us": 0.23099999999999998,
        "p99_us": 1.823
      },
      "search_latency": {
        "min_us": 0.049999999999999996,
        "max_us": 5.348,
        "avg_us": 0.08067136666665232,
        "p50_us": 0.07,
        "p95_us": 0.161,
        "p99_us": 0.291
      },
      "total_keys": 30000,
      "missing_keys": 0,
      "duplicate_hits": 0,
      "wrong_record_ids": 0,
      "unexpected_keys": 0,
      "all_entries_mismatches": 0,
      "range_scan_mismatches": 0,
      "miss_checks_total": 1000,
      "miss_checks_failed": 0,
      "structure_valid": true,
      "all_entries_ok": true,
      "range_scan_ok": true,
      "miss_checks_ok": true,
      "correctness_ok": true
    },
    {
      "algorithm": "Skip List",
      "insert_latency": {
        "min_us": 0.06,
        "max_us": 8.593,
        "avg_us": 0.13869556666665078,
        "p50_us": 0.12100000000000001,
        "p95_us": 0.21,
        "p99_us": 0.37
      },
      "search_latency": {
        "min_us": 0.03,
        "max_us": 5.218,
        "avg_us": 0.08094839999997736,
        "p50_us": 0.07,
        "p95_us": 0.15,
        "p99_us": 0.24
      },
      "total_keys": 30000,
      "missing_keys": 0,
      "duplicate_hits": 0,
      "wrong_record_ids": 0,
      "unexpected_keys": 0,
      "all_entries_mismatches": 0,
      "range_scan_mismatches": 0,
      "miss_checks_total": 1000,
      "miss_checks_failed": 0,
      "structure_valid": true,
      "all_entries_ok": true,
      "range_scan_ok": true,
      "miss_checks_ok": true,
      "correctness_ok": true
    },
    {
      "algorithm": "LSM Tree",
      "insert_latency": {
        "min_us": 0.06,
        "max_us": 2729.7419999999997,
        "avg_us": 0.3045654999999787,
        "p50_us": 0.101,
        "p95_us": 0.181,
        "p99_us": 0.32099999999999995
      },
      "search_latency": {
        "min_us": 0.04,
        "max_us": 5.208,
        "avg_us": 0.12416569999999404,
        "p50_us": 0.12,
        "p95_us": 0.19,
        "p99_us": 0.251
      },
      "total_keys": 30000,
      "missing_keys": 0,
      "duplicate_hits": 0,
      "wrong_record_ids": 0,
      "unexpected_keys": 0,