{
  "input_csv": "/Users/gr/Desktop/RookDB/Benchmarking/data/synthetic_orders_10000.csv",
  "total_rows": 10000,
  "primary_key_unique_count": 10000,
  "algorithms": [
    {
      "algorithm": "Static Hash",
      "insert_latency": {
        "min_us": 0.0,
        "max_us": 10.958,
        "avg_us": 0.14704170000001557,
        "p50_us": 0.125,
        "p95_us": 0.25,
        "p99_us": 0.29200000000000004
      },
      "search_latency": {
        "min_us": 0.041,
        "max_us": 4.707999999999999,
        "avg_us": 0.1827938000000091,
        "p50_us": 0.125,
        "p95_us": 0.375,
        "p99_us": 0.417
      },
      "total_keys": 10000,
      "missing_keys": 0,
      "duplicate_hits": 0,
      "wrong_record_ids": 0,
      "unexpected_keys": 0,
      "all_entries_mismatches": 0,
      "range_scan_mismatches": 0,
      "miss_checks_total": 1000,
      "miss_checks_failed": 0,
      "structure_valid": true,
      "all_entries_ok": true,
      "range_scan_ok": true,
      "miss_checks_ok": true,
      "correctness_ok": true
    },
    {
      "algorithm": "Chained Hash",
      "insert_latency": {
        "min_us": 0.041,
        "max_us": 48.375,
        "avg_us": 0.24064909999999437,
        "p50_us": 0.20800000000000002,
        "p95_us": 0.375,
        "p99_us": 1.7910000000000001
      },
      "search_latency": {
        "min_us": 0.041,
        "max_us": 0.5840000000000001,
        "avg_us": 0.19731589999998375,
        "p50_us": 0.20800000000000002,
        "p95_us": 0.29200000000000004,
        "p99_us": 0.29200000000000004
      },
      "total_keys": 10000,
      "missing_keys": 0,
      "duplicate_hits": 0,
      "wrong_record_ids": 0,
      "unexpected_keys": 0,
      "all_entries_mismatches": 0,
      "range_scan_mismatches": 0,
      "miss_checks_total": 1000,
      "miss_checks_failed": 0,
      "structure_valid": true,
      "all_entries_ok": true,
      "range_scan_ok": true,
      "miss_checks_ok": true,
      "correctness_ok": true
    },
    {
      "algorithm": "Extendible Hash",
      "insert_latency": {
        "min_us": 0.0,
        "max_us": 125.583,
        "avg_us": 7.047245500000008,
        "p50_us": 0.125,
        "p95_us": 30.333,
        "p99_us": 45.917
      },
      "search_latency": {
        "min_us": 0.0,
        "max_us": 0.25,
        "avg_us": 0.05542530000000229,
        "p50_us": 0.041999999999999996,
        "p95_us": 0.08399999999999999,
        "p99_us": 0.08399999999999999
      },
      "total_keys": 10000,
      "missing_keys": 0,
      "duplicate_hits": 0,
      "wrong_record_ids": 0,
      "unexpected_keys": 0,
      "all_entries_mismatches": 0,
      "range_scan_mismatches": 0,
      "miss_checks_total": 1000,
      "miss_checks_failed": 0,
      "structure_valid": true,
      "all_entries_ok": true,
      "range_scan_ok": true,
      "miss_checks_ok": true,
      "correctness_ok": true
    },
    {
      "algorithm": "Linear Hash",
      "insert_latency": {
        "min_us": 0.083,
        "max_us": 25.75,
        "avg_us": 3.7478692000000113,
        "p50_us": 3.792,
        "p95_us": 7.125,
        "p99_us": 7.75
      },
      "search_latency": {
        "min_us": 0.0,
        "max_us": 0.375,
        "avg_us": 0.06851739999999823,
        "p50_us": 0.083,
        "p95_us": 0.08399999999999999,
        "p99_us": 0.125
      },
      "total_keys": 10000,
      "missing_keys": 0,
      "duplicate_hits": 0,
      "wrong_record_ids": 0,
      "unexpected_keys": 0,
      "all_entries_mismatches": 0,
      "range_scan_mismatches": 0,
      "miss_checks_total": 1000,
      "miss_checks_failed": 0,
      "structure_valid": true,
      "all_entries_ok": true,
      "range_scan_ok": true,
      "miss_checks_ok": true,
      "correctness_ok": true
    },
    {
      "algorithm": "B-Tree",
      "insert_latency": {
        "min_us": 0.0,
        "max_us": 19.125,
        "avg_us": 0.2073000000000087,
        "p50_us": 0.166,
        "p95_us": 0.458,
        "p99_us": 1.25
      },
      "search_latency": {
        "min_us": 0.0,
        "max_us": 1.333,
        "avg_us": 0.07572709999999734,
        "p50_us": 0.083,
        "p95_us": 0.125,
        "p99_us": 0.125
      },
      "total_keys": 10000,
      "missing_keys": 0,
      "duplicate_hits": 0,
      "wrong_record_ids": 0,
      "unexpected_keys": 0,
      "all_entries_mismatches": 0,
      "range_scan_mismatches": 0,
      "miss_checks_total": 1000,
      "miss_checks_failed": 0,
      "structure_valid": true,
      "all_entries_ok": true,
      "range_scan_ok": true,
      "miss_checks_ok": true,
      "correctness_ok": true
    },
    {
      "algorithm": "B+ Tree",
      "insert_latency": {
        "min_us": 0.0,
        "max_us": 7.125,
        "avg_us": 0.21591439999999443,
        "p50_us": 0.20800000000000002,
        "p95_us": 0.33299999999999996,
        "p99_us": 0.417
      },
      "search_latency": {
        "min_us": 0.125,
        "max_us": 5.5,
        "avg_us": 0.16781579999998975,
        "p50_us": 0.167,
        "p95_us": 0.20800000000000002,
        "p99_us": 0.20900000000000002
      },
      "total_keys": 10000,
      "missing_keys": 0,
      "duplicate_hits": 0,
      "wrong_record_ids": 0,
      "unexpected_keys": 0,
      "all_entries_mismatches": 0,
      "range_scan_mismatches": 0,
      "miss_checks_total": 1000,
      "miss_checks_failed": 0,
      "structure_valid": true,
      "all_entries_ok": true,
      "range_scan_ok": true,
      "miss_checks_ok": true,
      "correctness_ok": true
    },
    {
      "algorithm": "Radix Tree",
      "insert_latency": {
        "min_us": 0.041,
        "max_us": 6.583,
        "avg_us": 0.15067349999999122,
        "p50_us": 0.125,
        "p95_us": 0.167,
        "p99_us": 0.29200000000000004
      },
      "search_latency": {
        "min_us": 0.041,
        "max_us": 0.25,
        "avg_us": 0.07962419999999212,
        "p50_us": 0.083,
        "p95_us": 0.08399999999999999,
        "p99_us": 0.125
      },
      "total_keys": 10000,
      "missing_keys": 0,
      "duplicate_hits": 0,
      "wrong_record_ids": 0,
      "unexpected_keys": 0,
      "all_entries_mismatches": 0,
      "range_scan_mismatches": 0,
      "miss_checks_total": 1000,
      "miss_checks_failed": 0,
      "structure_valid": true,
      "all_entries_ok": true,
      "range_scan_ok": true,
      "miss_checks_ok": true,
      "correctness_ok": true
    },
    {
      "algorithm": "Skip List",
      "insert_latency": {
        "min_us": 0.0,
        "max_us": 11.459,
        "avg_us": 0.08955879999999912,
        "p50_us": 0.083,
        "p95_us": 0.125,
        "p99_us": 0.20900000000000002
      },
      "search_latency": {
        "min_us": 0.0,
        "max_us": 0.29200000000000004,
        "avg_us": 0.048482099999997905,
        "p50_us": 0.041999999999999996,
        "p95_us": 0.08399999999999999,
        "p99_us": 0.08399999999999999
      },
      "total_keys": 10000,
      "missing_keys": 0,
      "duplicate_hits": 0,
      "wrong_record_ids": 0,
      "unexpected_keys": 0,
      "all_entries_mismatches": 0,
      "range_scan_mismatches": 0,
      "miss_checks_total": 1000,
      "miss_checks_failed": 0,
      "structure_valid": true,
      "all_entries_ok": true,
      "range_scan_ok": true,
      "miss_checks_ok": true,
      "correctness_ok": true
    },
    {
      "algorithm": "LSM Tree",
      "insert_latency": {
        "min_us": 0.0,
        "max_us": 874.125,
        "avg_us": 0.15908280000000208,
        "p50_us": 0.083,
        "p95_us": 0.125,
        "p99_us": 0.167
      },
      "search_latency": {
        "min_us": 0.0,
        "max_us": 4.75,
        "avg_us": 0.05721390000000302,
        "p50_us": 0.041999999999999996,
        "p95_us": 0.08399999999999999,
        "p99_us": 0.08399999999999999
      },
      "total_keys": 10000,
      "missing_keys": 0,
      "duplicate_hits": 0,
      "wrong_record_ids": 0,
      "unexpected_keys": 0,
      "all_entries_mismatches": 0,