{
  "input_csv": "/Users/gr/Desktop/RookDB/Benchmarking/data/synthetic_orders_50000.csv",
  "total_rows": 50000,
  "primary_key_unique_count": 50000,
  "algorithms": [
    {
      "algorithm": "Static Hash",
      "insert_latency": {
        "min_us": 0.0,
        "max_us": 20.166999999999998,
        "avg_us": 0.4193074999999433,
        "p50_us": 0.41600000000000004,
        "p95_us": 0.75,
        "p99_us": 0.833
      },
      "search_latency": {
        "min_us": 0.0,
        "max_us": 21.916,
        "avg_us": 0.41072665999993274,
        "p50_us": 0.41600000000000004,
        "p95_us": 0.709,
        "p99_us": 0.791
      },
      "total_keys": 50000,
      "missing_keys": 0,
      "duplicate_hits": 0,
      "miss_checks_ok": true,
      "correctness_ok": true
    },
    {
      "algorithm": "Chained Hash",
      "insert_latency": {
        "min_us": 0.0,
        "max_us": 21.25,
        "avg_us": 0.3555462000000452,
        "p50_us": 0.334,
        "p95_us": 0.625,
        "p99_us": 0.667
      },
      "search_latency": {
        "min_us": 0.0,
        "max_us": 11.167,
        "avg_us": 0.34824408000005286,
        "p50_us": 0.334,
        "p95_us": 0.625,
        "p99_us": 0.667
      },
      "total_keys": 50000,
      "missing_keys": 0,
      "duplicate_hits": 0,
      "miss_checks_ok": true,
      "correctness_ok": true
    },
    {
      "algorithm": "Extendible Hash",
      "insert_latency": {
        "min_us": 0.0,
        "max_us": 678.0409999999999,
        "avg_us": 30.779623719999954,
        "p50_us": 0.25,
        "p95_us": 163.542,
        "p99_us": 186.458
      },
      "search_latency": {
        "min_us": 0.0,
        "max_us": 18.125,
        "avg_us": 0.11575195999999872,
        "p50_us": 0.083,
        "p95_us": 0.20900000000000002,
        "p99_us": 0.29200000000000004
      },
      "total_keys": 50000,
      "missing_keys": 0,
      "duplicate_hits": 0,
      "miss_checks_ok": true,
      "correctness_ok": true
    },
    {
      "algorithm": "Linear Hash",
      "insert_latency": {
        "min_us": 0.041,
        "max_us": 369.5,
        "avg_us": 23.771711819999968,
        "p50_us": 20.041999999999998,
        "p95_us": 59.166999999999994,
        "p99_us": 70.542
      },
      "search_latency": {
        "min_us": 0.0,
        "max_us": 37.375,
        "avg_us": 0.08071927999999132,
        "p50_us": 0.083,
        "p95_us": 0.167,
        "p99_us": 0.25
      },
      "total_keys": 50000,
      "missing_keys": 0,
      "duplicate_hits": 0,
      "miss_checks_ok": true,
      "correctness_ok": true
    },
    {
      "algorithm": "B-Tree",
      "insert_latency": {
        "min_us": 0.0,
        "max_us": 155.16600000000003,
        "avg_us": 0.22428738000001977,
        "p50_us": 0.167,
        "p95_us": 0.458,
        "p99_us": 1.25
      },
      "search_latency": {
        "min_us": 0.0,
        "max_us": 91.292,
        "avg_us": 0.1441663199999878,
        "p50_us": 0.083,
        "p95_us": 0.25,
        "p99_us": 0.625
      },
      "total_keys": 50000,
      "missing_keys": 0,
      "duplicate_hits": 0,
      "miss_checks_ok": true,
      "correctness_ok": true
    },
    {
      "algorithm": "B+ Tree",
      "insert_latency": {
        "min_us": 0.041,
        "max_us": 158.5,
        "avg_us": 0.23032627999994024,
        "p50_us": 0.20800000000000002,
        "p95_us": 0.33299999999999996,
        "p99_us": 0.9169999999999999
      },
      "search_latency": {
        "min_us": 0.125,
        "max_us": 46.917,
        "avg_us": 0.19537039999996048,
        "p50_us": 0.167,
        "p95_us": 0.20900000000000002,
        "p99_us": 0.375
      },
      "total_keys": 50000,
      "missing_keys": 0,
      "duplicate_hits": 0,
      "miss_checks_ok": true,
      "correctness_ok": true
    },
    {
      "algorithm": "Radix Tree",
      "insert_latency": {
        "min_us": 0.041,
        "max_us": 108.291,
        "avg_us": 0.18066224000008738,
        "p50_us": 0.125,
        "p95_us": 0.20900000000000002,
        "p99_us": 0.834
      },
      "search_latency": {
        "min_us": 0.0,
        "max_us": 33.083999999999996,
        "avg_us": 0.08243799999998737,
        "p50_us": 0.083,
        "p95_us": 0.08399999999999999,
        "p99_us": 0.20800000000000002
      },
      "total_keys": 50000,
      "missing_keys": 0,
      "duplicate_hits": 0,
      "miss_checks_ok": true,
      "correctness_ok": true
    },
    {
      "algorithm": "Skip List",
      "insert_latency": {
        "min_us": 0.0,
        "max_us": 51.416,
        "avg_us": 0.09696383999998483,
        "p50_us": 0.083,
        "p95_us": 0.125,
        "p99_us": 0.20900000000000002
      },
      "search_latency": {
        "min_us": 0.0,
        "max_us": 12.707999999999998,
        "avg_us": 0.04726601999997954,
        "p50_us": 0.041999999999999996,
        "p95_us": 0.083,
        "p99_us": 0.08399999999999999
      },
      "total_keys": 50000,
      "missing_keys": 0,
      "duplicate_hits": 0,
      "miss_checks_ok": true,
      "correctness_ok": true
    },
    {
      "algorithm": "LSM Tree",
      "insert_latency": {
        "min_us": 0.0,
        "max_us": 4244.834,
        "avg_us": 0.3154209399999996,
        "p50_us": 0.041999999999999996,
        "p95_us": 0.125,
        "p99_us": 0.20800000000000002
      },
      "search_latency": {
        "min_us": 0.0,
        "max_us": 10.583,
        "avg_us": 0.12476576000004272,
        "p50_us": 0.125,
        "p95_us": 0.167,
        "p99_us": 0.20800000000000002
      },
      "total_keys": 50000,
      "missing_keys": 0,
      "duplicate_hits": 0,
      "miss_checks_ok": true,
      "correctness_ok": true
    }
  ]
}