{
  "input_csv": "/Users/gr/Desktop/RookDB/Benchmarking/data/synthetic_orders_10000.csv",
  "total_rows": 10000,
  "primary_key_unique_count": 10000,
  "algorithms": [
    {
      "algorithm": "Static Hash",
      "insert_latency": {
        "min_us": 0.0,
        "max_us": 51.791,
        "avg_us": 0.14291290000001608,
        "p50_us": 0.125,
        "p95_us": 0.20900000000000002,
        "p99_us": 0.291
      },
      "search_latency": {
        "min_us": 0.0,
        "max_us": 1.334,
        "avg_us": 0.29049250000001237,
        "p50_us": 0.334,
        "p95_us": 0.5419999999999999,
        "p99_us": 0.5840000000000001
      },
      "total_keys": 10000,
      "missing_keys": 0,
      "duplicate_hits": 0,
      "miss_checks_ok": true,
      "correctness_ok": true
    },
    {
      "algorithm": "Chained Hash",
      "insert_latency": {
        "min_us": 0.041,
        "max_us": 32.25,
        "avg_us": 0.3015855999999977,
        "p50_us": 0.25,
        "p95_us": 0.458,
        "p99_us": 2.417
      },
      "search_latency": {
        "min_us": 0.041999999999999996,
        "max_us": 48.291999999999994,
        "avg_us": 0.2633632999999818,
        "p50_us": 0.25,
        "p95_us": 0.334,
        "p99_us": 0.375
      },
      "total_keys": 10000,
      "missing_keys": 0,
      "duplicate_hits": 0,
      "miss_checks_ok": true,
      "correctness_ok": true
    },
    {
      "algorithm": "Extendible Hash",
      "insert_latency": {
        "min_us": 0.0,
        "max_us": 144.791,
        "avg_us": 7.917288600000001,
        "p50_us": 0.167,
        "p95_us": 34.625,
        "p99_us": 51.25
      },
      "search_latency": {
        "min_us": 0.0,
        "max_us": 4.3340000000000005,
        "avg_us": 0.07822189999999743,
        "p50_us": 0.083,
        "p95_us": 0.125,
        "p99_us": 0.166
      },
      "total_keys": 10000,
      "missing_keys": 0,
      "duplicate_hits": 0,
      "miss_checks_ok": true,
      "correctness_ok": true
    },
    {
      "algorithm": "Linear Hash",
      "insert_latency": {
        "min_us": 0.041999999999999996,
        "max_us": 65.83399999999999,
        "avg_us": 4.001889999999993,
        "p50_us": 3.875,
        "p95_us": 8.125,
        "p99_us": 10.625
      },
      "search_latency": {
        "min_us": 0.0,
        "max_us": 4.833,
        "avg_us": 0.07777889999999897,
        "p50_us": 0.083,
        "p95_us": 0.125,
        "p99_us": 0.125
      },
      "total_keys": 10000,
      "missing_keys": 0,
      "duplicate_hits": 0,
      "miss_checks_ok": true,
      "correctness_ok": true
    },
    {
      "algorithm": "B-Tree",
      "insert_latency": {
        "min_us": 0.0,
        "max_us": 19.667,
        "avg_us": 0.21003340000000675,
        "p50_us": 0.166,
        "p95_us": 0.458,
        "p99_us": 1.292
      },
      "search_latency": {
        "min_us": 0.0,
        "max_us": 9.0,
        "avg_us": 0.07622889999999738,
        "p50_us": 0.083,
        "p95_us": 0.125,
        "p99_us": 0.125
      },
      "total_keys": 10000,
      "missing_keys": 0,
      "duplicate_hits": 0,
      "miss_checks_ok": true,
      "correctness_ok": true
    },
    {
      "algorithm": "B+ Tree",
      "insert_latency": {
        "min_us": 0.0,
        "max_us": 4.875,
        "avg_us": 0.20793709999999752,
        "p50_us": 0.167,
        "p95_us": 0.33299999999999996,
        "p99_us": 0.5
      },
      "search_latency": {
        "min_us": 0.08399999999999999,
        "max_us": 8.25,
        "avg_us": 0.16110479999998925,
        "p50_us": 0.167,
        "p95_us": 0.167,
        "p99_us": 0.20900000000000002
      },
      "total_keys": 10000,
      "missing_keys": 0,
      "duplicate_hits": 0,
      "miss_checks_ok": true,
      "correctness_ok": true
    },
    {
      "algorithm": "Radix Tree",
      "insert_latency": {
        "min_us": 0.083,
        "max_us": 55.167,
        "avg_us": 0.1568000999999916,
        "p50_us": 0.125,
        "p95_us": 0.167,
        "p99_us": 0.25
      },
      "search_latency": {
        "min_us": 0.041,
        "max_us": 15.540999999999999,
        "avg_us": 0.07947259999999425,
        "p50_us": 0.083,
        "p95_us": 0.08399999999999999,
        "p99_us": 0.125
      },
      "total_keys": 10000,
      "missing_keys": 0,
      "duplicate_hits": 0,
      "miss_checks_ok": true,
      "correctness_ok": true
    },
    {
      "algorithm": "Skip List",
      "insert_latency": {
        "min_us": 0.0,
        "max_us": 15.540999999999999,
        "avg_us": 0.08883940000000098,
        "p50_us": 0.083,
        "p95_us": 0.125,
        "p99_us": 0.20900000000000002
      },
      "search_latency": {
        "min_us": 0.0,
        "max_us": 15.375000000000002,
        "avg_us": 0.04236999999999435,
        "p50_us": 0.041999999999999996,
        "p95_us": 0.083,
        "p99_us": 0.08399999999999999
      },
      "total_keys": 10000,
      "missing_keys": 0,
      "duplicate_hits": 0,
      "miss_checks_ok": true,
      "correctness_ok": true
    },
    {
      "algorithm": "LSM Tree",
      "insert_latency": {
        "min_us": 0.0,
        "max_us": 948.7919999999999,
        "avg_us": 0.16108250000000515,
        "p50_us": 0.041999999999999996,
        "p95_us": 0.125,
        "p99_us": 0.167
      },
      "search_latency": {
        "min_us": 0.0,
        "max_us": 3.042,
        "avg_us": 0.052829100000002176,
        "p50_us": 0.041999999999999996,
        "p95_us": 0.08399999999999999,
        "p99_us": 0.08399999999999999
      },
      "total_keys": 10000,
      "missing_keys": 0,
      "duplicate_hits": 0,
      "miss_checks_ok": true,
      "correctness_ok": true
    }
  ]
}